time,step-size,{bodyFMU}.body.robot_theta,{bodyFMU}.body.robot_x,{bodyFMU}.body.robot_y,{bodyFMU}.body.robot_z,{bodyFMU}.body.total_energy_used,{controllerFMU}.controller.servoLeftVal,{controllerFMU}.controller.servoRightVal,{sensor1FMU}.sensor1.lf_1_sensor_reading,{sensor1FMU}.sensor2.lf_1_sensor_reading
0.0,0.0,0.0,0.138,-0.08,0.0,0.0,0.0,0.0,1.0000000000000002,1.0000000000000002
0.1,0.1,0.0,0.138,-0.08,0.0,0.7999999999997272,0.4,-0.4,254.00000000000006,254.00000000000006
0.2,0.1,0.0,0.138,-0.0753520212709898,0.0,2.151031703604076,0.4,-0.4,254.00000000000006,255.00000000000006
0.30000000000000004,0.1,0.0,0.138,-0.0686981833704502,0.0,3.9524453999524667,0.4,-0.4,254.00000000000006,255.00000000000006
0.4,0.1,0.0,0.138,-0.06183381670677092,0.0,5.815017282047393,0.4,-0.4,254.00000000000006,254.00000000000006
